,formula_unedited,formula,space group,target
588,Li5.5Ba0.5La2.5Ta2O12,Li5.5Ba0.5La2.5Ta2O12,230.0,-4.869666231504994
19,0.63(Li2S) 0.37(GeS2),Li1.26S1.37Ge0.37,,-3.8239087409443187
1016,0.1LiI-0.9(0.5Li2S-0.5SiS2),LiI0.1S1.45Si0.5,,-4.399027104313252
1116,0.3Li2S-0.45Li2O-0.25P2S5,Li1.5O0.45P0.5S1.55,,-4.230622673923862
1023,0.75Li6Si2S7-0.25Li6B4O9,Li6Si1.5S5.25BO2.25,,-3.8477116556169433
145,Li4SnS4,Li4SnS4,62.0,-4.154901959985743
471,Li6.3P0.7Si0.3S5Br,Li6.3P0.7Si0.3S5Br,216.0,-2.7825160557860937
81,Li3SbS4,Li3SbS4,31.0,-5.823908740944319
12,0.2(Li2S) 0.8(GeS2),Li0.4S1.8Ge0.8,,-6.958607314841775
1087,Li3.25Ge0.25P0.75S3.5Se0.5,Li3.25Ge0.25P0.75S3.5Se0.5,,-3.2984320149440727
1337,14Li2O-9Al2O3-38TiO2-39P2O5,Al18Li28O312P78Ti38,,-2.886056647693163
707,Li6.835La3Zr2O12Al0.231,Li6.835La3Zr2O12Al0.231,230.0,-3.657577319177794
1118,0.4Li2S-0.35Li2O-0.25P2S5,Li1.5O0.35P0.5S1.65,,-4.61261017366127
890,0.24SiS2-0.36Li2S-0.4LiI,I0.4Li1.12S0.84Si0.24,,-2.744727494896694
809,Li6.55La3Zr2Ga0.15O12,Li6.55La3Zr2Ga0.15O12,,-2.886056647693163
1043,Li7P2.9S10.85Mo0.01,Li7P2.9S10.85Mo0.01,,-2.318758762624413
61,Li1.6Al0.6Ge1.4(PO4)3,Li1.6Al0.6Ge1.4P3O12,167.0,-3.475592719063694
1093,0.8Li2O-0.2P2S5,Li1.6O0.8P0.4S,,-4.8124792791635365
305,Li4.4Al0.4Ge0.6S4,Li4.4Al0.4Ge0.6S4,164.0,-4.363512103646634
798,0.63Li2O-0.37P2O5,Li1.26O2.48P0.74,,-6.886056647693163
241,Li3.26Sn0.26P0.74S4,Li3.26Sn0.26P0.74S4,137.0,-2.343901797987168
1003,0.8(0.55Li2-0.45SiS2)-0.2(0.55Li2O-0.45P2O5),Li1.1Si0.45S0.9O2.36P0.9,,-4.103473782510445
991,0.55Li2-0.45SiS2,Li1.1Si0.45S0.9,,-3.185086818724926
132,Li2.88PO3.73N0.14,Li2.88PO3.73N0.14,62.0,-12.853871964321762
0,0.14 SiS2-0.09 P2S5-0.47 Li2S-0.30 LiI,I0.3Li1.24P0.18S1.2Si0.14,,-2.7786033870301154
1268,(La0.5Li0.5)0.9Sr0.1TiO3,La0.45Li0.45Sr0.1TiO3,,-2.886056647693163
170,Pr0.51Li0.39TiO2.96,Pr0.51Li0.39TiO2.96,62.0,-6.272458742971444
151,Pr0.57Li0.29TiO3,Pr0.57Li0.29TiO3,62.0,-5.543633966870957
92,Li3InBr6,Li3InBr6,12.0,-3.3979291515814154
114,Li6La3ZrTaO12,Li6La3ZrTaO12,230.0,-3.6565220158670106
1009,0.725Li2S-0.275P2S5,Li1.45S2.1P0.55,,-3.3458234581220396
835,Li2OHBr0.98F0.02,Li2OHBr0.98F0.02,,-5.954677021213342
218,La0.63Li0.11(Mg0.5W0.5)O3,La0.63Li0.11Mg0.5W0.5O3,129.0,-5.167491087293763
833,Li2OHBrF,Li2OHBrF,,-6.1487416512809245
1042,0.67(0.75Li2S-0.25P2S5)-0.33LiBH4,Li1.335S1.752P0.5B0.33H1.32,,-2.9469215565165805
390,LiTi(PO4)3,LiTiP3O12,167.0,-4.221848749616356
1262,(Li0.39La0.54)1.025Cr0.05Ti0.95O3,Li0.39975La0.5535Cr0.05Ti0.95O3,,-2.9829666607012197
548,La0.55Li0.33TiO3,La0.55Li0.33TiO3,221.0,-2.8013429130455774
576,Li1.9Mn0.9Ga0.1Cl4,Li1.9Mn0.9Ga0.1Cl4,227.0,-6.6252516539898965
189,Li2B4O7,Li2B4O7,110.0,-10.0
1258,(Li0.39La0.54)1.01Al0.02Ti0.98O3,Li0.39390000000000003La0.5454Al0.02Ti0.98O3,,-2.8013429130455774
11,Li0.39La0.54TiO3,Li0.39La0.54TiO3,,-2.9789880363755663
876,0.4 LiBr-0.3 SiS2-0.3 Li2S,Br0.4LiS0.9Si0.3,,-3.958607314841775
983,0.75(0.5Li2O-0.5Li2S)-0.25P2S5,Li1.75O0.375S1.75P0.5,,-4.548213564475709
777,Li10(Ge0.5Sn0.5)P2S12,Li10Ge0.5Sn0.5P2S12,,-2.2097148359667584
1084,Li3.4Ge0.4P0.6S3.2Se0.8,Li3.4Ge0.4P0.6S3.2Se0.8,,-2.9318141382538383
70,Li6Zr2O7,Li6Zr2O7,15.0,-9.2839966563652
239,Li3.285Sn0.28P0.72S4,Li3.285Sn0.28P0.72S4,137.0,-2.360513510731414
31,Li1.2Sc0.2Ti1.8(PO4)3,Li1.2Sc0.2Ti1.8P3O12,167.0,-3.773654543693338
95,Li4GeS4,Li4GeS4,62.0,-6.698970004336019
107,Li0.12La0.75TiO3,Li0.12La0.75TiO3,47.0,-3.623423042943488
860,0.6 Li2S * 0.4 SiS2,Li1.2Si0.4S1.4,,-3.3010299956639813
85,Li3SbS3,Li3SbS3,33.0,-7.0
634,Li6La2SrBi2O12,Li6La2SrBi2O12,230.0,-4.2839966563652006
537,Li0.375Sr0.4375Zr0.25Ta0.75O3,Li0.375Sr0.4375Zr0.25Ta0.75O3,221.0,-3.6989700043360187
24,Li7.22Si1.5P0.5O8,Li7.22Si1.5P0.5O8,11.0,-6.785156151952302
1019,Li6Si2S7,Li6Si2S7,,-3.3861581781239307
992,0.60Li2-0.4SiS2,Li1.2Si0.4S0.8,,-2.9244530386074694
698,Li6.65La2.75Ba0.25Zr1.4Ta0.5Nb0.1O12,Li6.65La2.75Ba0.25Zr1.4Ta0.5Nb0.1O12,230.0,-3.2781893847874533
410,Li1.7Cr0.7Ge1.3(PO4)3,Li1.7Cr0.7Ge1.3P3O12,167.0,-4.609064892896621
172,Li4GeO4,Li4GeO4,63.0,-9.55284196865778
9,Li0.18La0.61TiO3,Li0.18La0.61TiO3,65.0,-3.5262831390564746
1029,0.63Li6Si2S7-0.37Li6B4S9,Li6Si1.26S7.74B1.48,,-3.3575354797578787
55,Li2SO4,Li2SO4,14.0,-13.853871964321762
869,0.27B2S3 ? 0.32Li2S ? 0.41LiI,B0.54S1.1300000000000001Li1.05I0.41,,-3.3716110699496884
1180,0.25B2S3-0.75Li2S,B0.5S1.5Li1.5,,-3.518557371497695
458,Li6PS5Cl0.75Br0.25,Li6PS5Cl0.75Br0.25,216.0,-2.6458915608525992
987,0.75(0.1Li2O-0.9Li2S)-0.25P2S5,Li1.95O0.075S2.15P0.5,,-3.6439741428068775
1212,0.6LiI-0.4Al2O3,Li0.6I0.6Al0.8O1.2000000000000002,,-4.404503778174426
1133,0.35Li2S-0.35Li2O-0.3P2S5,Li1.4O0.35P0.6S1.85,,-5.434152181326482
44,Li3InCl6,Li3InCl6,12.0,-2.6903698325741012
42,Li1.3Al0.3Ge1.7(PO4)3,Li1.3Al0.3Ge1.7P3O12,167.0,-3.883583692224033
727,Li2.7Ca0.15InBr6,Li2.7Ca0.15InBr6,,-4.15676722190199
706,Li6.949La3Zr2O12Al0.262,Li6.949La3Zr2O12Al0.262,230.0,-3.6478174818886377
97,Li4SiS4,Li4SiS4,11.0,-7.6300392856003
105,Li0.15La0.72TiO3,Li0.15La0.72TiO3,47.0,-3.382999658879101
324,Li1.2Ti2Si0.2P2.8O12,Li1.2Ti2Si0.2P2.8O12,167.0,-4.0655015487564325
968,0.3Li3N-0.7SiS2,Li0.8999999999999999N0.3Si0.7S1.4,,-4.527243550682788
532,(La0.55Li0.45)(Ti0.9Al0.1)O3,La0.55Li0.45Ti0.9Al0.1O3,221.0,-2.8210230527068307
630,Li6.375La3Zr1.375Nb0.625O12,Li6.375La3Zr1.375Nb0.625O12,230.0,-2.8632794328435933
643,Li6.15La3Zr1.75Ta0.25Ga0.2O12,Li6.15La3Zr1.75Ta0.25Ga0.2O12,230.0,-3.3872161432802645
133,Li3PO4,Li3PO4,62.0,-17.3767507096021
61,LiClC3H7NO,LiClC3H7NO,14.0,-3.795880017344075
112,Li6CaLa2Ta2O12,Li6CaLa2Ta2O12,230.0,-5.657577319177793
105,Li6.5La3Zr1.5Ta0.5O12,Li6.5La3Zr1.5Ta0.5O12,230.0,-3.115254926899324
351,Li1.5In0.5Ti1.5(PO4)3,Li1.5In0.5Ti1.5P3O12,167.0,-3.6903698325741012
653,(Li6.26Al0.24)La3Zr2O12,Li6.26Al0.24La3Zr2O12,230.0,-3.5086383061657274
335,Li1.6Cr0.6Ti1.4(PO4)3,Li1.6Cr0.6Ti1.4P3O12,167.0,-3.899629454882437
1085,Li3.35Ge0.35P0.65S3.3Se0.7,Li3.35Ge0.35P0.65S3.3Se0.7,,-2.9208187539523753
57,Li6Ge2O7,Li6Ge2O7,14.0,-6.070581074285707
1104,0.55Li2S-0.25Li2O-0.2P2S5,Li1.6O0.25P0.4S1.55,,-3.9507819773298185
732,Li2ZnGeS4,Li2ZnGeS4,,-8.853871964321762
836,Li2OHBr0.95F0.05,Li2OHBr0.95F0.05,,-6.170696227168975
127,LiI,LiI,225.0,-7.025037020567475
370,Li1.025Y0.025Zr1.975(PO4)3,Li1.025Y0.025Zr1.975P3O12,167.0,-3.8927900303521317
40,Li3.1P0.9Si0.1O4,Li3.1P0.9Si0.1O4,11.0,-7.126679398184601
639,Li6(La2Ca)(NbO6)2,Li6La2CaNb2O12,230.0,-5.876148359032914
1159,Li3.5PO3.2N0.8,Li3.5PO3.2N0.8,,-5.586700235918748
1323,LiHfTi(PO4)3,LiHfTiP3O12,,-6.249491605148654
71,Li3AlF6,Li3AlF6,15.0,-6.301029995663981
592,Li7Ba2LaTa2O12,Li7Ba2LaTa2O12,230.0,-5.522878745280337
749,Li6.6La2.6Ce0.4Zr2O12,Li6.6La2.6Ce0.4Zr2O12,,-4.841637507904751
496,Li6P0.74Ge0.26S5I,Li6P0.74Ge0.26S5I,216.0,-3.8210230527068307
823,Li1.8Mg1.1Cl4,Li1.8Mg1.1Cl4,,-5.818156412055227
21,Li3.25Ge0.25P0.75S4,Li3.25Ge0.25P0.75S4,11.0,-2.657577319177794
544,Sm0.5Li0.42TiO2.96,Sm0.5Li0.42TiO2.96,221.0,-9.405607449624574
817,Li(In0.62Li1.38)Br3.92,LiIn0.62Li1.38Br3.92,,-5.309803919971486
1123,0.65Li2S-0.1Li2O-0.25P2S5,Li1.5O0.1P0.5S1.9,,-3.939302159646388
1278,Li0.5La0.5Ti0.96Zr0.04O3,Li0.5La0.5Ti0.96Zr0.04O3,,-3.543633966870957
1294,La0.55Li0.36Ti0.95Ge0.05O3,La0.55Li0.36Ti0.95Ge0.05O3,,-3.4436974992327127
1342,Li2ZrS3,Li2ZrS3,,-5.136677139879544
44,Li1.3Sc0.3Ti1.7(PO4)3,Li1.3Sc0.3Ti1.7P3O12,167.0,-3.6297934021972
755,Li2S*P2S5*Li3N,Li5S6P2N,,-2.853871964321762
1310,Li0.24La0.59TiO3,Li0.24La0.59TiO3,,-3.003050751504619
435,Li3P,Li3P,194.0,-3.153044674980176
1189,0.99(0.6Li2S-0.4SiS2)-0.01Li3PO4,Li1.218S1.394Si0.4P0.01O0.04,,-3.596879478824182
237,Li3.335Sn0.33P0.67S4,Li3.335Sn0.33P0.67S4,137.0,-2.4282911681913126
785,0.66(Li2O) 0.34(P2O5),Li1.32P0.68O2.3600000000000003,,-6.638272163982407
1088,Li3.20Ge0.20P0.8S3.6Se0.4,Li3.2Ge0.2P0.8S3.6Se0.4,,-2.96657624451305
766,Li10(Ge0.95Si0.05)P2S12,Li10Ge0.95Si0.05P2S12,,-2.0639892042847903
115,Li3.4Si0.7S0.3O4,Li3.4Si0.7S0.3O4,62.0,-6.375717904164332
1293,La0.55Li0.36Ti0.95Mn0.05O3,La0.55Li0.36Ti0.95Mn0.05O3,,-3.721246399047171
413,Li1.3Fe0.3Ge1.7(PO4)3,Li1.3Fe0.3Ge1.7P3O12,167.0,-4.52432881167557
194,Li0.33La0.5TiO3,Li0.33La0.5TiO3,123.0,-3.0
768,Li10(Ge0.8Si0.2)P2S12,Li10Ge0.8Si0.2P2S12,,-2.137868620686963
64,La(Li0.76Mg0.08)O2,LaLi0.76Mg0.08O2,14.0,-9.138465589140962
288,Li7La3HfO12,Li7La3HfO12,142.0,-6.006563769502388
100,(Ag0.5Li0.5)0.27La0.57TiO3,Ag0.135Li0.135La0.57TiO3,47.0,-4.638272163982407
512,Li6.45P0.55Ge0.45S5I,Li6.45P0.55Ge0.45S5I,216.0,-3.4377071355435254
311,Li1.1Ti1.9Sc0.1(PO4)3,Li1.1Ti1.9Sc0.1P3O12,167.0,-3.4100503986742923
1295,La0.55Li0.36Ti0.95Ru0.05O3,La0.55Li0.36Ti0.95Ru0.05O3,,-4.2839966563652006
8,Li3BP2O8,Li3BP2O8,2.0,-11.017728766960431
821,Li3InBr2.5Cl3.5,Li3InBr2.5Cl3.5,,-5.443697499232713
1200,0.9(0.61Li2S-0.39SiS2)-0.1Li3PO4,Li1.398S1.329Si0.39P0.1O0.4,,-3.8927900303521317
10,Li0.24La0.65TiO3,Li0.24La0.65TiO3,47.0,-3.1289561245337127
657,Li5.5La3Nb1.75Y0.25O12,Li5.5La3Nb1.75Y0.25O12,230.0,-4.037157318798758
1154,Li3.3PO3.8N0.22,Li3.3PO3.8N0.22,,-5.619788758288394
1265,La0.6Li0.16TiO3.01,La0.6Li0.16TiO3.01,,-3.2006594505464183
300,Li2.667Mg0.667P2S6,Li2.667Mg0.667P2S6,162.0,-5.3979400086720375
878,0.9(SiS2-Li2S)-0.1LiCl,Si0.9S2.8Li2.1Cl0.1,,-3.7351821769904636
77,Li3.2Ge0.2P0.8S4,Li3.2Ge0.2P0.8S4,11.0,-3.2549259108517976
177,LiBiO2,LiBiO2,72.0,-7.42021640338319
566,Li6NI3,Li6NI3,225.0,-5.431798275933005
652,Nd3Zr2Al0.5Li5.5O12,Nd3Zr2Al0.5Li5.5O12,230.0,-4.4089353929735005
858,0.4 Li2S * 0.6 SiS2,Li0.8Si0.6S1.6,,-4.552841968657781
235,Li3.425Si0.425P0.575S4,Li3.425Si0.425P0.575S4,137.0,-2.2479515521805613
1214,0.4LiI-0.6Al2O3,Li0.4I0.4Al1.2O1.7999999999999998,,-5.1700533040583645
217,La0.65Li0.05(Mg0.5W0.5)O3,La0.65Li0.05Mg0.5W0.5O3,129.0,-6.7447274948966935
98,Li0.02Na0.48La0.5Nb2O6,Li0.02Na0.48La0.5Nb2O6,47.0,-5.399027104313252
64,0.8(0.6Li2S-0.4SiS2)- 0.2Li4SiO4,Li1.76S1.28Si0.6O0.8,,-3.7932076356377955
15,0.3LiI-0.7(0.6Li2S-0.4SiS2),Li1.14I0.3S1.22Si0.4,,-3.2854437620939034
687,Li7La3Zr1.7Ga0.3O12,Li7La3Zr1.7Ga0.3O12,230.0,-4.42021640338319
623,Li6.8La3Zr1.9Mo0.1O12,Li6.8La3Zr1.9Mo0.1O12,230.0,-4.096910013008056
800,0.7Li2O-0.3P2O5,Li1.4O2.2P0.6,,-6.522878745280337
178,Li2.5Zn0.25PS4,Li2.5Zn0.25PS4,82.0,-3.0757207139381184
263,Li9.87Sn0.87P2.13S12,Li9.87Sn0.87P2.13S12,137.0,-2.364516253185088
86,Li3.6Si0.6P0.4S4,Li3.6Si0.6P0.4S4,11.0,-4.145700754443675
521,Fe0.16La2.95Li5.68Zr2O12,Fe0.16La2.95Li5.68Zr2O12,220.0,-3.0291883891274822
118,Li6.6SiPO8,Li6.6SiPO8,62.0,-6.8297382846050425
676,Li5.70La3Ta1.65Sm0.35O12,Li5.7La3Ta1.65Sm0.35O12,230.0,-4.667561540084395
395,Li1.4Al0.4Ti0.6(PO4)3,Li1.4Al0.4Ti0.6P3O12,167.0,-2.4814860601221125
72,Li10.35Si1.35P1.65S12,Li10.35Si1.35P1.65S12,137.0,-2.1811550904407992
